record_id,product_id,clinic_id,quantity,transaction_date,linked_visit_id
SR0001,P001,your_clinic,13,2026-07-12,
SR0002,P001,your_clinic,13,2026-07-13,
SR0003,P001,your_clinic,10,2026-07-14,
SR0004,P001,your_clinic,10,2026-07-15,
SR0005,P001,your_clinic,7,2026-07-16,
SR0006,P001,your_clinic,18,2026-07-17,
SR0007,P001,your_clinic,12,2026-07-18,
SR0008,P001,your_clinic,10,2026-07-19,
SR0009,P001,your_clinic,23,2026-07-20,
SR0010,P001,your_clinic,6,2026-07-21,
SR0011,P001,your_clinic,12,2026-07-22,
SR0012,P001,your_clinic,14,2026-07-23,
SR0013,P001,your_clinic,13,2026-07-24,
SR0014,P001,your_clinic,10,2026-07-25,
SR0015,P001,your_clinic,14,2026-07-26,
SR0016,P001,your_clinic,9,2026-07-27,
SR0017,P001,your_clinic,13,2026-07-28,
SR0018,P001,your_clinic,14,2026-07-29,
SR0019,P001,your_clinic,18,2026-07-30,
SR0020,P001,your_clinic,13,2026-07-31,
SR0021,P001,your_clinic,17,2026-08-01,
SR0022,P001,your_clinic,15,2026-08-02,
SR0023,P001,your_clinic,18,2026-08-03,
SR0024,P001,your_clinic,16,2026-08-04,
SR0025,P001,your_clinic,13,2026-08-05,
SR0026,P001,your_clinic,14,2026-08-06,
SR0027,P001,your_clinic,18,2026-08-07,
SR0028,P001,your_clinic,21,2026-08-08,
SR0029,P001,your_clinic,10,2026-08-09,
SR0030,P001,your_clinic,18,2026-08-10,
SR0031,P001,your_clinic,18,2026-08-11,
SR0032,P001,your_clinic,17,2026-08-12,
SR0033,P001,your_clinic,20,2026-08-13,
SR0034,P001,your_clinic,14,2026-08-14,
SR0035,P001,your_clinic,20,2026-08-15,
SR0036,P001,your_clinic,17,2026-08-16,
SR0037,P001,your_clinic,24,2026-08-17,
SR0038,P001,your_clinic,19,2026-08-18,
SR0039,P001,your_clinic,13,2026-08-19,
SR0040,P001,your_clinic,19,2026-08-20,
SR0041,P001,your_clinic,28,2026-08-21,
SR0042,P001,your_clinic,21,2026-08-22,
SR0043,P001,your_clinic,13,2026-08-23,
SR0044,P001,your_clinic,15,2026-08-24,
SR0045,P001,your_clinic,26,2026-08-25,
SR0046,P001,your_clinic,14,2026-08-26,
SR0047,P001,your_clinic,27,2026-08-27,
SR0048,P001,your_clinic,22,2026-08-28,
SR0049,P001,your_clinic,18,2026-08-29,
SR0050,P001,your_clinic,15,2026-08-30,
SR0051,P001,your_clinic,21,2026-08-31,
SR0052,P001,your_clinic,18,2026-09-01,
SR0053,P001,your_clinic,16,2026-09-02,
SR0054,P001,your_clinic,22,2026-09-03,
SR0055,P001,your_clinic,13,2026-09-04,
SR0056,P001,your_clinic,18,2026-09-05,
SR0057,P002,your_clinic,4,2026-07-12,
SR0058,P002,your_clinic,1,2026-07-13,
SR0059,P002,your_clinic,6,2026-07-14,
SR0060,P002,your_clinic,5,2026-07-15,
SR0061,P002,your_clinic,6,2026-07-16,
SR0062,P002,your_clinic,4,2026-07-17,
SR0063,P002,your_clinic,6,2026-07-18,
SR0064,P002,your_clinic,3,2026-07-19,
SR0065,P002,your_clinic,7,2026-07-20,
SR0066,P002,your_clinic,9,2026-07-21,
SR0067,P002,your_clinic,5,2026-07-22,
SR0068,P002,your_clinic,4,2026-07-23,
SR0069,P002,your_clinic,2,2026-07-24,
SR0070,P002,your_clinic,5,2026-07-25,
SR0071,P002,your_clinic,5,2026-07-26,
SR0072,P002,your_clinic,4,2026-07-27,
SR0073,P002,your_clinic,3,2026-07-28,
SR0074,P002,your_clinic,6,2026-07-29,
SR0075,P002,your_clinic,3,2026-07-30,
SR0076,P002,your_clinic,2,2026-07-31,
SR0077,P002,your_clinic,5,2026-08-01,
SR0078,P002,your_clinic,2,2026-08-02,
SR0079,P002,your_clinic,2,2026-08-03,
SR0080,P002,your_clinic,3,2026-08-04,
SR0081,P002,your_clinic,2,2026-08-05,
SR0082,P002,your_clinic,1,2026-08-06,
SR0083,P002,your_clinic,2,2026-08-08,
SR0084,P002,your_clinic,1,2026-08-09,
SR0085,P002,your_clinic,1,2026-08-10,
SR0086,P002,your_clinic,3,2026-08-11,
SR0087,P002,your_clinic,4,2026-08-12,
SR0088,P002,your_clinic,2,2026-08-14,
SR0089,P002,your_clinic,3,2026-08-15,
SR0090,P002,your_clinic,2,2026-08-16,
SR0091,P002,your_clinic,1,2026-08-17,
SR0092,P002,your_clinic,2,2026-08-18,
SR0093,P002,your_clinic,2,2026-08-20,
SR0094,P002,your_clinic,1,2026-08-21,
SR0095,P002,your_clinic,2,2026-08-23,
SR0096,P002,your_clinic,2,2026-08-24,
SR0097,P002,your_clinic,1,2026-08-26,
SR0098,P002,your_clinic,3,2026-08-27,
SR0099,P002,your_clinic,1,2026-08-28,
SR0100,P002,your_clinic,1,2026-08-29,
SR0101,P002,your_clinic,1,2026-08-31,
SR0102,P002,your_clinic,2,2026-09-02,
SR0103,P002,your_clinic,2,2026-09-04,
SR0104,P002,your_clinic,2,2026-09-05,
SR0105,P003,your_clinic,9,2026-07-12,
SR0106,P003,your_clinic,12,2026-07-13,
SR0107,P003,your_clinic,6,2026-07-14,
SR0108,P003,your_clinic,7,2026-07-15,
SR0109,P003,your_clinic,11,2026-07-16,
SR0110,P003,your_clinic,8,2026-07-17,
SR0111,P003,your_clinic,8,2026-07-18,
SR0112,P003,your_clinic,7,2026-07-19,
SR0113,P003,your_clinic,14,2026-07-20,
SR0114,P003,your_clinic,10,2026-07-21,
SR0115,P003,your_clinic,8,2026-07-22,
SR0116,P003,your_clinic,10,2026-07-23,
SR0117,P003,your_clinic,10,2026-07-24,
SR0118,P003,your_clinic,9,2026-07-25,
SR0119,P003,your_clinic,6,2026-07-26,
SR0120,P003,your_clinic,5,2026-07-27,
SR0121,P003,your_clinic,6,2026-07-28,
SR0122,P003,your_clinic,10,2026-07-29,
SR0123,P003,your_clinic,5,2026-07-30,
SR0124,P003,your_clinic,2,2026-07-31,
SR0125,P003,your_clinic,11,2026-08-01,
SR0126,P003,your_clinic,5,2026-08-02,
SR0127,P003,your_clinic,11,2026-08-03,
SR0128,P003,your_clinic,13,2026-08-04,
SR0129,P003,your_clinic,7,2026-08-05,
SR0130,P003,your_clinic,10,2026-08-06,
SR0131,P003,your_clinic,10,2026-08-07,
SR0132,P003,your_clinic,7,2026-08-08,
SR0133,P003,your_clinic,5,2026-08-09,
SR0134,P003,your_clinic,10,2026-08-10,
SR0135,P003,your_clinic,5,2026-08-11,
SR0136,P003,your_clinic,8,2026-08-12,
SR0137,P003,your_clinic,10,2026-08-13,
SR0138,P003,your_clinic,9,2026-08-14,
SR0139,P003,your_clinic,6,2026-08-15,
SR0140,P003,your_clinic,6,2026-08-16,
SR0141,P003,your_clinic,8,2026-08-17,
SR0142,P003,your_clinic,10,2026-08-18,
SR0143,P003,your_clinic,9,2026-08-19,
SR0144,P003,your_clinic,2,2026-08-20,
SR0145,P003,your_clinic,12,2026-08-21,
SR0146,P003,your_clinic,10,2026-08-22,
SR0147,P003,your_clinic,12,2026-08-23,
SR0148,P003,your_clinic,10,2026-08-24,
SR0149,P003,your_clinic,9,2026-08-25,
SR0150,P003,your_clinic,9,2026-08-26,
SR0151,P003,your_clinic,12,2026-08-27,
SR0152,P003,your_clinic,7,2026-08-28,
SR0153,P003,your_clinic,5,2026-08-29,
SR0154,P003,your_clinic,7,2026-08-30,
SR0155,P003,your_clinic,8,2026-08-31,
SR0156,P003,your_clinic,9,2026-09-01,
SR0157,P003,your_clinic,5,2026-09-02,
SR0158,P003,your_clinic,9,2026-09-03,
SR0159,P003,your_clinic,10,2026-09-04,
SR0160,P003,your_clinic,8,2026-09-05,
SR0161,P004,your_clinic,13,2026-07-12,
SR0162,P004,your_clinic,16,2026-07-13,
SR0163,P004,your_clinic,20,2026-07-14,
SR0164,P004,your_clinic,16,2026-07-15,
SR0165,P004,your_clinic,11,2026-07-16,
SR0166,P004,your_clinic,16,2026-07-17,
SR0167,P004,your_clinic,16,2026-07-18,
SR0168,P004,your_clinic,16,2026-07-19,
SR0169,P004,your_clinic,17,2026-07-20,
SR0170,P004,your_clinic,10,2026-07-21,
SR0171,P004,your_clinic,13,2026-07-22,
SR0172,P004,your_clinic,17,2026-07-23,
SR0173,P004,your_clinic,20,2026-07-24,
SR0174,P004,your_clinic,21,2026-07-25,
SR0175,P004,your_clinic,17,2026-07-26,
SR0176,P004,your_clinic,20,2026-07-27,
SR0177,P004,your_clinic,13,2026-07-28,
SR0178,P004,your_clinic,14,2026-07-29,
SR0179,P004,your_clinic,19,2026-07-30,
SR0180,P004,your_clinic,15,2026-07-31,
SR0181,P004,your_clinic,15,2026-08-01,
SR0182,P004,your_clinic,18,2026-08-02,
SR0183,P004,your_clinic,14,2026-08-03,
SR0184,P004,your_clinic,17,2026-08-04,
SR0185,P004,your_clinic,18,2026-08-05,
SR0186,P004,your_clinic,20,2026-08-06,
SR0187,P004,your_clinic,19,2026-08-07,
SR0188,P004,your_clinic,8,2026-08-08,
SR0189,P004,your_clinic,15,2026-08-09,
SR0190,P004,your_clinic,10,2026-08-10,
SR0191,P004,your_clinic,12,2026-08-11,
SR0192,P004,your_clinic,18,2026-08-12,
SR0193,P004,your_clinic,17,2026-08-13,
SR0194,P004,your_clinic,16,2026-08-14,
SR0195,P004,your_clinic,14,2026-08-15,
SR0196,P004,your_clinic,14,2026-08-16,
SR0197,P004,your_clinic,25,2026-08-17,
SR0198,P004,your_clinic,9,2026-08-18,
SR0199,P004,your_clinic,15,2026-08-19,
SR0200,P004,your_clinic,18,2026-08-20,
SR0201,P004,your_clinic,24,2026-08-21,
SR0202,P004,your_clinic,24,2026-08-22,
SR0203,P004,your_clinic,15,2026-08-23,
SR0204,P004,your_clinic,16,2026-08-24,
SR0205,P004,your_clinic,25,2026-08-25,
SR0206,P004,your_clinic,17,2026-08-26,
SR0207,P004,your_clinic,13,2026-08-27,
SR0208,P004,your_clinic,14,2026-08-28,
SR0209,P004,your_clinic,17,2026-08-29,
SR0210,P004,your_clinic,8,2026-08-30,
SR0211,P004,your_clinic,13,2026-08-31,
SR0212,P004,your_clinic,25,2026-09-01,
SR0213,P004,your_clinic,18,2026-09-02,
SR0214,P004,your_clinic,19,2026-09-03,
SR0215,P004,your_clinic,21,2026-09-04,
SR0216,P004,your_clinic,18,2026-09-05,
SR0217,P005,your_clinic,5,2026-07-12,
SR0218,P005,your_clinic,3,2026-07-13,
SR0219,P005,your_clinic,6,2026-07-14,
SR0220,P005,your_clinic,9,2026-07-15,
SR0221,P005,your_clinic,9,2026-07-16,
SR0222,P005,your_clinic,4,2026-07-17,
SR0223,P005,your_clinic,2,2026-07-18,
SR0224,P005,your_clinic,5,2026-07-19,
SR0225,P005,your_clinic,2,2026-07-20,
SR0226,P005,your_clinic,7,2026-07-21,
SR0227,P005,your_clinic,5,2026-07-22,
SR0228,P005,your_clinic,10,2026-07-23,
SR0229,P005,your_clinic,3,2026-07-24,
SR0230,P005,your_clinic,6,2026-07-25,
SR0231,P005,your_clinic,10,2026-07-26,
SR0232,P005,your_clinic,6,2026-07-27,
SR0233,P005,your_clinic,5,2026-07-28,
SR0234,P005,your_clinic,1,2026-07-29,
SR0235,P005,your_clinic,4,2026-07-30,
SR0236,P005,your_clinic,11,2026-07-31,
SR0237,P005,your_clinic,4,2026-08-01,
SR0238,P005,your_clinic,7,2026-08-02,
SR0239,P005,your_clinic,3,2026-08-03,
SR0240,P005,your_clinic,1,2026-08-04,
SR0241,P005,your_clinic,4,2026-08-05,
SR0242,P005,your_clinic,4,2026-08-06,
SR0243,P005,your_clinic,3,2026-08-07,
SR0244,P005,your_clinic,7,2026-08-08,
SR0245,P005,your_clinic,5,2026-08-09,
SR0246,P005,your_clinic,8,2026-08-10,
SR0247,P005,your_clinic,4,2026-08-11,
SR0248,P005,your_clinic,7,2026-08-12,
SR0249,P005,your_clinic,6,2026-08-13,
SR0250,P005,your_clinic,10,2026-08-14,
SR0251,P005,your_clinic,7,2026-08-15,
SR0252,P005,your_clinic,3,2026-08-16,
SR0253,P005,your_clinic,6,2026-08-17,
SR0254,P005,your_clinic,5,2026-08-18,
SR0255,P005,your_clinic,8,2026-08-19,
SR0256,P005,your_clinic,9,2026-08-20,
SR0257,P005,your_clinic,3,2026-08-21,
SR0258,P005,your_clinic,6,2026-08-22,
SR0259,P005,your_clinic,7,2026-08-23,
SR0260,P005,your_clinic,11,2026-08-24,
SR0261,P005,your_clinic,7,2026-08-25,
SR0262,P005,your_clinic,7,2026-08-26,
SR0263,P005,your_clinic,5,2026-08-27,
SR0264,P005,your_clinic,3,2026-08-28,
SR0265,P005,your_clinic,4,2026-08-29,
SR0266,P005,your_clinic,9,2026-08-30,
SR0267,P005,your_clinic,4,2026-08-31,
SR0268,P005,your_clinic,10,2026-09-01,
SR0269,P005,your_clinic,7,2026-09-02,
SR0270,P005,your_clinic,6,2026-09-03,
SR0271,P005,your_clinic,4,2026-09-04,
SR0272,P005,your_clinic,7,2026-09-05,
SR0273,P006,your_clinic,5,2026-07-12,
SR0274,P006,your_clinic,7,2026-07-13,
SR0275,P006,your_clinic,5,2026-07-14,
SR0276,P006,your_clinic,3,2026-07-15,
SR0277,P006,your_clinic,2,2026-07-16,
SR0278,P006,your_clinic,5,2026-07-17,
SR0279,P006,your_clinic,7,2026-07-18,
SR0280,P006,your_clinic,4,2026-07-19,
SR0281,P006,your_clinic,5,2026-07-20,
SR0282,P006,your_clinic,4,2026-07-21,
SR0283,P006,your_clinic,12,2026-07-22,
SR0284,P006,your_clinic,7,2026-07-23,
SR0285,P006,your_clinic,11,2026-07-24,
SR0286,P006,your_clinic,8,2026-07-25,
SR0287,P006,your_clinic,10,2026-07-26,
SR0288,P006,your_clinic,7,2026-07-27,
SR0289,P006,your_clinic,8,2026-07-28,
SR0290,P006,your_clinic,8,2026-07-29,
SR0291,P006,your_clinic,8,2026-07-30,
SR0292,P006,your_clinic,6,2026-07-31,
SR0293,P006,your_clinic,4,2026-08-01,
SR0294,P006,your_clinic,10,2026-08-02,
SR0295,P006,your_clinic,9,2026-08-03,
SR0296,P006,your_clinic,7,2026-08-04,
SR0297,P006,your_clinic,4,2026-08-05,
SR0298,P006,your_clinic,6,2026-08-06,
SR0299,P006,your_clinic,11,2026-08-07,
SR0300,P006,your_clinic,8,2026-08-08,
SR0301,P006,your_clinic,6,2026-08-09,
SR0302,P006,your_clinic,8,2026-08-10,
SR0303,P006,your_clinic,4,2026-08-11,
SR0304,P006,your_clinic,6,2026-08-12,
SR0305,P006,your_clinic,8,2026-08-13,
SR0306,P006,your_clinic,6,2026-08-14,
SR0307,P006,your_clinic,13,2026-08-15,
SR0308,P006,your_clinic,6,2026-08-16,
SR0309,P006,your_clinic,9,2026-08-17,
SR0310,P006,your_clinic,10,2026-08-18,
SR0311,P006,your_clinic,7,2026-08-19,
SR0312,P006,your_clinic,6,2026-08-20,
SR0313,P006,your_clinic,8,2026-08-21,
SR0314,P006,your_clinic,8,2026-08-22,
SR0315,P006,your_clinic,12,2026-08-23,
SR0316,P006,your_clinic,10,2026-08-24,
SR0317,P006,your_clinic,6,2026-08-25,
SR0318,P006,your_clinic,10,2026-08-26,
SR0319,P006,your_clinic,13,2026-08-27,
SR0320,P006,your_clinic,8,2026-08-28,
SR0321,P006,your_clinic,14,2026-08-29,
SR0322,P006,your_clinic,9,2026-08-30,
SR0323,P006,your_clinic,10,2026-08-31,
SR0324,P006,your_clinic,10,2026-09-01,
SR0325,P006,your_clinic,12,2026-09-02,
SR0326,P006,your_clinic,6,2026-09-03,
SR0327,P006,your_clinic,11,2026-09-04,
SR0328,P006,your_clinic,14,2026-09-05,
SR0329,P007,your_clinic,4,2026-07-12,
SR0330,P007,your_clinic,10,2026-07-13,
SR0331,P007,your_clinic,10,2026-07-14,
SR0332,P007,your_clinic,9,2026-07-15,
SR0333,P007,your_clinic,14,2026-07-16,
SR0334,P007,your_clinic,6,2026-07-17,
SR0335,P007,your_clinic,13,2026-07-18,
SR0336,P007,your_clinic,3,2026-07-19,
SR0337,P007,your_clinic,7,2026-07-20,
SR0338,P007,your_clinic,6,2026-07-21,
SR0339,P007,your_clinic,6,2026-07-22,
SR0340,P007,your_clinic,9,2026-07-23,
SR0341,P007,your_clinic,2,2026-07-24,
SR0342,P007,your_clinic,7,2026-07-25,
SR0343,P007,your_clinic,9,2026-07-26,
SR0344,P007,your_clinic,7,2026-07-27,
SR0345,P007,your_clinic,4,2026-07-28,
SR0346,P007,your_clinic,10,2026-07-29,
SR0347,P007,your_clinic,5,2026-07-30,
SR0348,P007,your_clinic,4,2026-07-31,
SR0349,P007,your_clinic,8,2026-08-01,
SR0350,P007,your_clinic,4,2026-08-02,
SR0351,P007,your_clinic,8,2026-08-03,
SR0352,P007,your_clinic,3,2026-08-04,
SR0353,P007,your_clinic,6,2026-08-05,
SR0354,P007,your_clinic,2,2026-08-06,
SR0355,P007,your_clinic,6,2026-08-07,
SR0356,P007,your_clinic,6,2026-08-08,
SR0357,P007,your_clinic,8,2026-08-09,
SR0358,P007,your_clinic,2,2026-08-10,
SR0359,P007,your_clinic,5,2026-08-11,
SR0360,P007,your_clinic,5,2026-08-12,
SR0361,P007,your_clinic,7,2026-08-13,
SR0362,P007,your_clinic,4,2026-08-14,
SR0363,P007,your_clinic,3,2026-08-15,
SR0364,P007,your_clinic,3,2026-08-16,
SR0365,P007,your_clinic,6,2026-08-17,
SR0366,P007,your_clinic,3,2026-08-18,
SR0367,P007,your_clinic,4,2026-08-19,
SR0368,P007,your_clinic,6,2026-08-20,
SR0369,P007,your_clinic,7,2026-08-21,
SR0370,P007,your_clinic,5,2026-08-22,
SR0371,P007,your_clinic,3,2026-08-23,
SR0372,P007,your_clinic,3,2026-08-24,
SR0373,P007,your_clinic,2,2026-08-25,
SR0374,P007,your_clinic,8,2026-08-26,
SR0375,P007,your_clinic,3,2026-08-27,
SR0376,P007,your_clinic,4,2026-08-28,
SR0377,P007,your_clinic,5,2026-08-29,
SR0378,P007,your_clinic,4,2026-08-30,
SR0379,P007,your_clinic,3,2026-08-31,
SR0380,P007,your_clinic,2,2026-09-01,
SR0381,P007,your_clinic,1,2026-09-02,
SR0382,P007,your_clinic,4,2026-09-03,
SR0383,P007,your_clinic,5,2026-09-04,
SR0384,P007,your_clinic,3,2026-09-05,
SR0385,P008,your_clinic,9,2026-07-12,
SR0386,P008,your_clinic,14,2026-07-13,
SR0387,P008,your_clinic,8,2026-07-14,
SR0388,P008,your_clinic,11,2026-07-15,
SR0389,P008,your_clinic,5,2026-07-16,
SR0390,P008,your_clinic,10,2026-07-17,
SR0391,P008,your_clinic,5,2026-07-18,
SR0392,P008,your_clinic,8,2026-07-19,
SR0393,P008,your_clinic,17,2026-07-20,
SR0394,P008,your_clinic,10,2026-07-21,
SR0395,P008,your_clinic,5,2026-07-22,
SR0396,P008,your_clinic,8,2026-07-23,
SR0397,P008,your_clinic,2,2026-07-24,
SR0398,P008,your_clinic,8,2026-07-25,
SR0399,P008,your_clinic,10,2026-07-26,
SR0400,P008,your_clinic,9,2026-07-27,
SR0401,P008,your_clinic,6,2026-07-28,
SR0402,P008,your_clinic,7,2026-07-29,
SR0403,P008,your_clinic,9,2026-07-30,
SR0404,P008,your_clinic,7,2026-07-31,
SR0405,P008,your_clinic,6,2026-08-01,
SR0406,P008,your_clinic,16,2026-08-02,
SR0407,P008,your_clinic,10,2026-08-03,
SR0408,P008,your_clinic,5,2026-08-04,
SR0409,P008,your_clinic,10,2026-08-05,
SR0410,P008,your_clinic,5,2026-08-06,
SR0411,P008,your_clinic,7,2026-08-07,
SR0412,P008,your_clinic,13,2026-08-08,
SR0413,P008,your_clinic,8,2026-08-09,
SR0414,P008,your_clinic,12,2026-08-10,
SR0415,P008,your_clinic,7,2026-08-11,
SR0416,P008,your_clinic,12,2026-08-12,
SR0417,P008,your_clinic,12,2026-08-13,
SR0418,P008,your_clinic,13,2026-08-14,
SR0419,P008,your_clinic,10,2026-08-15,
SR0420,P008,your_clinic,6,2026-08-16,
SR0421,P008,your_clinic,9,2026-08-17,
SR0422,P008,your_clinic,9,2026-08-18,
SR0423,P008,your_clinic,7,2026-08-19,
SR0424,P008,your_clinic,6,2026-08-20,
SR0425,P008,your_clinic,10,2026-08-21,
SR0426,P008,your_clinic,11,2026-08-22,
SR0427,P008,your_clinic,11,2026-08-23,
SR0428,P008,your_clinic,5,2026-08-24,
SR0429,P008,your_clinic,6,2026-08-25,
SR0430,P008,your_clinic,8,2026-08-26,
SR0431,P008,your_clinic,11,2026-08-27,
SR0432,P008,your_clinic,11,2026-08-28,
SR0433,P008,your_clinic,8,2026-08-29,
SR0434,P008,your_clinic,12,2026-08-30,
SR0435,P008,your_clinic,10,2026-08-31,
SR0436,P008,your_clinic,5,2026-09-01,
SR0437,P008,your_clinic,5,2026-09-02,
SR0438,P008,your_clinic,8,2026-09-03,
SR0439,P008,your_clinic,7,2026-09-04,
SR0440,P008,your_clinic,6,2026-09-05,
SR0441,P009,your_clinic,13,2026-07-12,
SR0442,P009,your_clinic,15,2026-07-13,
SR0443,P009,your_clinic,13,2026-07-14,
SR0444,P009,your_clinic,12,2026-07-15,
SR0445,P009,your_clinic,15,2026-07-16,
SR0446,P009,your_clinic,15,2026-07-17,
SR0447,P009,your_clinic,8,2026-07-18,
SR0448,P009,your_clinic,12,2026-07-19,
SR0449,P009,your_clinic,10,2026-07-20,
SR0450,P009,your_clinic,19,2026-07-21,
SR0451,P009,your_clinic,17,2026-07-22,
SR0452,P009,your_clinic,17,2026-07-23,
SR0453,P009,your_clinic,13,2026-07-24,
SR0454,P009,your_clinic,21,2026-07-25,
SR0455,P009,your_clinic,8,2026-07-26,
SR0456,P009,your_clinic,15,2026-07-27,
SR0457,P009,your_clinic,25,2026-07-28,
SR0458,P009,your_clinic,12,2026-07-29,
SR0459,P009,your_clinic,18,2026-07-30,
SR0460,P009,your_clinic,13,2026-07-31,
SR0461,P009,your_clinic,15,2026-08-01,
SR0462,P009,your_clinic,15,2026-08-02,
SR0463,P009,your_clinic,11,2026-08-03,
SR0464,P009,your_clinic,12,2026-08-04,
SR0465,P009,your_clinic,12,2026-08-05,
SR0466,P009,your_clinic,16,2026-08-06,
SR0467,P009,your_clinic,25,2026-08-07,
SR0468,P009,your_clinic,11,2026-08-08,
SR0469,P009,your_clinic,18,2026-08-09,
SR0470,P009,your_clinic,17,2026-08-10,
SR0471,P009,your_clinic,11,2026-08-11,
SR0472,P009,your_clinic,19,2026-08-12,
SR0473,P009,your_clinic,14,2026-08-13,
SR0474,P009,your_clinic,12,2026-08-14,
SR0475,P009,your_clinic,12,2026-08-15,
SR0476,P009,your_clinic,20,2026-08-16,
SR0477,P009,your_clinic,9,2026-08-17,
SR0478,P009,your_clinic,17,2026-08-18,
SR0479,P009,your_clinic,13,2026-08-19,
SR0480,P009,your_clinic,14,2026-08-20,
SR0481,P009,your_clinic,24,2026-08-21,
SR0482,P009,your_clinic,14,2026-08-22,
SR0483,P009,your_clinic,12,2026-08-23,
SR0484,P009,your_clinic,14,2026-08-24,
SR0485,P009,your_clinic,12,2026-08-25,
SR0486,P009,your_clinic,22,2026-08-26,
SR0487,P009,your_clinic,15,2026-08-27,
SR0488,P009,your_clinic,5,2026-08-28,
SR0489,P009,your_clinic,13,2026-08-29,
SR0490,P009,your_clinic,16,2026-08-30,
SR0491,P009,your_clinic,16,2026-08-31,
SR0492,P009,your_clinic,19,2026-09-01,
SR0493,P009,your_clinic,14,2026-09-02,
SR0494,P009,your_clinic,14,2026-09-03,
SR0495,P009,your_clinic,15,2026-09-04,
SR0496,P009,your_clinic,12,2026-09-05,
SR0497,P010,your_clinic,4,2026-07-12,
SR0498,P010,your_clinic,11,2026-07-13,
SR0499,P010,your_clinic,3,2026-07-14,
SR0500,P010,your_clinic,1,2026-07-15,
SR0501,P010,your_clinic,5,2026-07-16,
SR0502,P010,your_clinic,2,2026-07-17,
SR0503,P010,your_clinic,11,2026-07-18,
SR0504,P010,your_clinic,9,2026-07-19,
SR0505,P010,your_clinic,6,2026-07-20,
SR0506,P010,your_clinic,7,2026-07-21,
SR0507,P010,your_clinic,12,2026-07-22,
SR0508,P010,your_clinic,11,2026-07-23,
SR0509,P010,your_clinic,3,2026-07-24,
SR0510,P010,your_clinic,8,2026-07-25,
SR0511,P010,your_clinic,7,2026-07-26,
SR0512,P010,your_clinic,8,2026-07-27,
SR0513,P010,your_clinic,5,2026-07-28,
SR0514,P010,your_clinic,7,2026-07-29,
SR0515,P010,your_clinic,6,2026-07-30,
SR0516,P010,your_clinic,8,2026-07-31,
SR0517,P010,your_clinic,5,2026-08-01,
SR0518,P010,your_clinic,7,2026-08-02,
SR0519,P010,your_clinic,5,2026-08-03,
SR0520,P010,your_clinic,6,2026-08-04,
SR0521,P010,your_clinic,5,2026-08-05,
SR0522,P010,your_clinic,10,2026-08-06,
SR0523,P010,your_clinic,9,2026-08-07,
SR0524,P010,your_clinic,9,2026-08-08,
SR0525,P010,your_clinic,2,2026-08-09,
SR0526,P010,your_clinic,6,2026-08-10,
SR0527,P010,your_clinic,6,2026-08-11,
SR0528,P010,your_clinic,4,2026-08-12,
SR0529,P010,your_clinic,5,2026-08-13,
SR0530,P010,your_clinic,10,2026-08-14,
SR0531,P010,your_clinic,7,2026-08-15,
SR0532,P010,your_clinic,10,2026-08-16,
SR0533,P010,your_clinic,5,2026-08-17,
SR0534,P010,your_clinic,5,2026-08-18,
SR0535,P010,your_clinic,6,2026-08-19,
SR0536,P010,your_clinic,7,2026-08-20,
SR0537,P010,your_clinic,10,2026-08-21,
SR0538,P010,your_clinic,8,2026-08-22,
SR0539,P010,your_clinic,10,2026-08-23,
SR0540,P010,your_clinic,3,2026-08-24,
SR0541,P010,your_clinic,5,2026-08-25,
SR0542,P010,your_clinic,4,2026-08-26,
SR0543,P010,your_clinic,4,2026-08-27,
SR0544,P010,your_clinic,7,2026-08-28,
SR0545,P010,your_clinic,9,2026-08-29,
SR0546,P010,your_clinic,5,2026-08-30,
SR0547,P010,your_clinic,5,2026-08-31,
SR0548,P010,your_clinic,7,2026-09-01,
SR0549,P010,your_clinic,12,2026-09-02,
SR0550,P010,your_clinic,5,2026-09-03,
SR0551,P010,your_clinic,6,2026-09-04,
SR0552,P010,your_clinic,8,2026-09-05,
SR0553,P011,your_clinic,9,2026-07-12,
SR0554,P011,your_clinic,12,2026-07-13,
SR0555,P011,your_clinic,13,2026-07-14,
SR0556,P011,your_clinic,8,2026-07-15,
SR0557,P011,your_clinic,11,2026-07-16,
SR0558,P011,your_clinic,14,2026-07-17,
SR0559,P011,your_clinic,12,2026-07-18,
SR0560,P011,your_clinic,14,2026-07-19,
SR0561,P011,your_clinic,15,2026-07-20,
SR0562,P011,your_clinic,13,2026-07-21,
SR0563,P011,your_clinic,8,2026-07-22,
SR0564,P011,your_clinic,17,2026-07-23,
SR0565,P011,your_clinic,18,2026-07-24,
SR0566,P011,your_clinic,14,2026-07-25,
SR0567,P011,your_clinic,18,2026-07-26,
SR0568,P011,your_clinic,15,2026-07-27,
SR0569,P011,your_clinic,13,2026-07-28,
SR0570,P011,your_clinic,11,2026-07-29,
SR0571,P011,your_clinic,12,2026-07-30,
SR0572,P011,your_clinic,11,2026-07-31,
SR0573,P011,your_clinic,20,2026-08-01,
SR0574,P011,your_clinic,11,2026-08-02,
SR0575,P011,your_clinic,17,2026-08-03,
SR0576,P011,your_clinic,19,2026-08-04,
SR0577,P011,your_clinic,19,2026-08-05,
SR0578,P011,your_clinic,18,2026-08-06,
SR0579,P011,your_clinic,23,2026-08-07,
SR0580,P011,your_clinic,14,2026-08-08,
SR0581,P011,your_clinic,12,2026-08-09,
SR0582,P011,your_clinic,13,2026-08-10,
SR0583,P011,your_clinic,13,2026-08-11,
SR0584,P011,your_clinic,20,2026-08-12,
SR0585,P011,your_clinic,10,2026-08-13,
SR0586,P011,your_clinic,15,2026-08-14,
SR0587,P011,your_clinic,14,2026-08-15,
SR0588,P011,your_clinic,15,2026-08-16,
SR0589,P011,your_clinic,24,2026-08-17,
SR0590,P011,your_clinic,15,2026-08-18,
SR0591,P011,your_clinic,10,2026-08-19,
SR0592,P011,your_clinic,15,2026-08-20,
SR0593,P011,your_clinic,18,2026-08-21,
SR0594,P011,your_clinic,23,2026-08-22,
SR0595,P011,your_clinic,17,2026-08-23,
SR0596,P011,your_clinic,16,2026-08-24,
SR0597,P011,your_clinic,23,2026-08-25,
SR0598,P011,your_clinic,23,2026-08-26,
SR0599,P011,your_clinic,25,2026-08-27,
SR0600,P011,your_clinic,21,2026-08-28,
SR0601,P011,your_clinic,26,2026-08-29,
SR0602,P011,your_clinic,24,2026-08-30,
SR0603,P011,your_clinic,24,2026-08-31,
SR0604,P011,your_clinic,17,2026-09-01,
SR0605,P011,your_clinic,19,2026-09-02,
SR0606,P011,your_clinic,26,2026-09-03,
SR0607,P011,your_clinic,23,2026-09-04,
SR0608,P011,your_clinic,21,2026-09-05,
SR0609,P012,your_clinic,11,2026-07-12,
SR0610,P012,your_clinic,10,2026-07-13,
SR0611,P012,your_clinic,11,2026-07-14,
SR0612,P012,your_clinic,7,2026-07-15,
SR0613,P012,your_clinic,11,2026-07-16,
SR0614,P012,your_clinic,8,2026-07-17,
SR0615,P012,your_clinic,5,2026-07-18,
SR0616,P012,your_clinic,7,2026-07-19,
SR0617,P012,your_clinic,6,2026-07-20,
SR0618,P012,your_clinic,6,2026-07-21,
SR0619,P012,your_clinic,6,2026-07-22,
SR0620,P012,your_clinic,6,2026-07-23,
SR0621,P012,your_clinic,8,2026-07-24,
SR0622,P012,your_clinic,12,2026-07-25,
SR0623,P012,your_clinic,8,2026-07-26,
SR0624,P012,your_clinic,9,2026-07-27,
SR0625,P012,your_clinic,5,2026-07-28,
SR0626,P012,your_clinic,9,2026-07-29,
SR0627,P012,your_clinic,8,2026-07-30,
SR0628,P012,your_clinic,1,2026-07-31,
SR0629,P012,your_clinic,7,2026-08-01,
SR0630,P012,your_clinic,4,2026-08-02,
SR0631,P012,your_clinic,7,2026-08-03,
SR0632,P012,your_clinic,6,2026-08-04,
SR0633,P012,your_clinic,7,2026-08-05,
SR0634,P012,your_clinic,4,2026-08-06,
SR0635,P012,your_clinic,3,2026-08-07,
SR0636,P012,your_clinic,4,2026-08-08,
SR0637,P012,your_clinic,6,2026-08-09,
SR0638,P012,your_clinic,5,2026-08-10,
SR0639,P012,your_clinic,5,2026-08-11,
SR0640,P012,your_clinic,11,2026-08-12,
SR0641,P012,your_clinic,2,2026-08-13,
SR0642,P012,your_clinic,6,2026-08-14,
SR0643,P012,your_clinic,5,2026-08-15,
SR0644,P012,your_clinic,3,2026-08-16,
SR0645,P012,your_clinic,4,2026-08-17,
SR0646,P012,your_clinic,9,2026-08-18,
SR0647,P012,your_clinic,1,2026-08-19,
SR0648,P012,your_clinic,7,2026-08-20,
SR0649,P012,your_clinic,3,2026-08-21,
SR0650,P012,your_clinic,4,2026-08-22,
SR0651,P012,your_clinic,4,2026-08-23,
SR0652,P012,your_clinic,2,2026-08-24,
SR0653,P012,your_clinic,10,2026-08-25,
SR0654,P012,your_clinic,1,2026-08-26,
SR0655,P012,your_clinic,4,2026-08-27,
SR0656,P012,your_clinic,2,2026-08-28,
SR0657,P012,your_clinic,2,2026-08-29,
SR0658,P012,your_clinic,2,2026-08-31,
SR0659,P012,your_clinic,2,2026-09-01,
SR0660,P012,your_clinic,6,2026-09-02,
SR0661,P012,your_clinic,3,2026-09-05,
SR0662,P013,your_clinic,6,2026-07-12,
SR0663,P013,your_clinic,3,2026-07-13,
SR0664,P013,your_clinic,4,2026-07-14,
SR0665,P013,your_clinic,6,2026-07-15,
SR0666,P013,your_clinic,3,2026-07-16,
SR0667,P013,your_clinic,5,2026-07-17,
SR0668,P013,your_clinic,3,2026-07-18,
SR0669,P013,your_clinic,4,2026-07-19,
SR0670,P013,your_clinic,6,2026-07-20,
SR0671,P013,your_clinic,2,2026-07-21,
SR0672,P013,your_clinic,3,2026-07-22,
SR0673,P013,your_clinic,3,2026-07-23,
SR0674,P013,your_clinic,4,2026-07-24,
SR0675,P013,your_clinic,9,2026-07-25,
SR0676,P013,your_clinic,6,2026-07-26,
SR0677,P013,your_clinic,6,2026-07-27,
SR0678,P013,your_clinic,5,2026-07-28,
SR0679,P013,your_clinic,1,2026-07-29,
SR0680,P013,your_clinic,9,2026-07-31,
SR0681,P013,your_clinic,2,2026-08-01,
SR0682,P013,your_clinic,5,2026-08-02,
SR0683,P013,your_clinic,4,2026-08-03,
SR0684,P013,your_clinic,2,2026-08-04,
SR0685,P013,your_clinic,4,2026-08-05,
SR0686,P013,your_clinic,3,2026-08-07,
SR0687,P013,your_clinic,3,2026-08-08,
SR0688,P013,your_clinic,4,2026-08-09,
SR0689,P013,your_clinic,2,2026-08-10,
SR0690,P013,your_clinic,1,2026-08-11,
SR0691,P013,your_clinic,2,2026-08-13,
SR0692,P013,your_clinic,6,2026-08-14,
SR0693,P013,your_clinic,3,2026-08-15,
SR0694,P013,your_clinic,4,2026-08-16,
SR0695,P013,your_clinic,4,2026-08-17,
SR0696,P013,your_clinic,2,2026-08-18,
SR0697,P013,your_clinic,3,2026-08-19,
SR0698,P013,your_clinic,3,2026-08-20,
SR0699,P013,your_clinic,4,2026-08-21,
SR0700,P013,your_clinic,4,2026-08-22,
SR0701,P013,your_clinic,1,2026-08-23,
SR0702,P013,your_clinic,5,2026-08-24,
SR0703,P013,your_clinic,3,2026-08-25,
SR0704,P013,your_clinic,6,2026-08-26,
SR0705,P013,your_clinic,3,2026-08-27,
SR0706,P013,your_clinic,8,2026-08-28,
SR0707,P013,your_clinic,4,2026-08-29,
SR0708,P013,your_clinic,8,2026-08-30,
SR0709,P013,your_clinic,4,2026-08-31,
SR0710,P013,your_clinic,4,2026-09-01,
SR0711,P013,your_clinic,5,2026-09-02,
SR0712,P013,your_clinic,5,2026-09-03,
SR0713,P013,your_clinic,4,2026-09-04,
SR0714,P013,your_clinic,2,2026-09-05,
SR0715,P014,your_clinic,12,2026-07-12,
SR0716,P014,your_clinic,9,2026-07-13,
SR0717,P014,your_clinic,17,2026-07-14,
SR0718,P014,your_clinic,11,2026-07-15,
SR0719,P014,your_clinic,5,2026-07-16,
SR0720,P014,your_clinic,10,2026-07-17,
SR0721,P014,your_clinic,7,2026-07-18,
SR0722,P014,your_clinic,12,2026-07-19,
SR0723,P014,your_clinic,11,2026-07-20,
SR0724,P014,your_clinic,6,2026-07-21,
SR0725,P014,your_clinic,10,2026-07-22,
SR0726,P014,your_clinic,13,2026-07-23,
SR0727,P014,your_clinic,11,2026-07-24,
SR0728,P014,your_clinic,16,2026-07-25,
SR0729,P014,your_clinic,13,2026-07-26,
SR0730,P014,your_clinic,18,2026-07-27,
SR0731,P014,your_clinic,8,2026-07-28,
SR0732,P014,your_clinic,13,2026-07-29,
SR0733,P014,your_clinic,9,2026-07-30,
SR0734,P014,your_clinic,12,2026-07-31,
SR0735,P014,your_clinic,7,2026-08-01,
SR0736,P014,your_clinic,13,2026-08-02,
SR0737,P014,your_clinic,10,2026-08-03,
SR0738,P014,your_clinic,14,2026-08-04,
SR0739,P014,your_clinic,10,2026-08-05,
SR0740,P014,your_clinic,12,2026-08-06,
SR0741,P014,your_clinic,6,2026-08-07,
SR0742,P014,your_clinic,10,2026-08-08,
SR0743,P014,your_clinic,10,2026-08-09,
SR0744,P014,your_clinic,6,2026-08-10,
SR0745,P014,your_clinic,6,2026-08-11,
SR0746,P014,your_clinic,11,2026-08-12,
SR0747,P014,your_clinic,15,2026-08-13,
SR0748,P014,your_clinic,9,2026-08-14,
SR0749,P014,your_clinic,13,2026-08-15,
SR0750,P014,your_clinic,9,2026-08-16,
SR0751,P014,your_clinic,12,2026-08-17,
SR0752,P014,your_clinic,12,2026-08-18,
SR0753,P014,your_clinic,13,2026-08-19,
SR0754,P014,your_clinic,16,2026-08-20,
SR0755,P014,your_clinic,14,2026-08-21,
SR0756,P014,your_clinic,8,2026-08-22,
SR0757,P014,your_clinic,9,2026-08-23,
SR0758,P014,your_clinic,12,2026-08-24,
SR0759,P014,your_clinic,8,2026-08-25,
SR0760,P014,your_clinic,20,2026-08-26,
SR0761,P014,your_clinic,11,2026-08-27,
SR0762,P014,your_clinic,12,2026-08-28,
SR0763,P014,your_clinic,4,2026-08-29,
SR0764,P014,your_clinic,12,2026-08-30,
SR0765,P014,your_clinic,8,2026-08-31,
SR0766,P014,your_clinic,15,2026-09-01,
SR0767,P014,your_clinic,11,2026-09-02,
SR0768,P014,your_clinic,8,2026-09-03,
SR0769,P014,your_clinic,15,2026-09-04,
SR0770,P014,your_clinic,14,2026-09-05,
SR0771,P015,your_clinic,6,2026-07-12,
SR0772,P015,your_clinic,5,2026-07-13,
SR0773,P015,your_clinic,6,2026-07-14,
SR0774,P015,your_clinic,5,2026-07-15,
SR0775,P015,your_clinic,6,2026-07-16,
SR0776,P015,your_clinic,6,2026-07-17,
SR0777,P015,your_clinic,9,2026-07-18,
SR0778,P015,your_clinic,4,2026-07-19,
SR0779,P015,your_clinic,7,2026-07-20,
SR0780,P015,your_clinic,5,2026-07-21,
SR0781,P015,your_clinic,5,2026-07-22,
SR0782,P015,your_clinic,7,2026-07-23,
SR0783,P015,your_clinic,6,2026-07-24,
SR0784,P015,your_clinic,8,2026-07-25,
SR0785,P015,your_clinic,5,2026-07-26,
SR0786,P015,your_clinic,6,2026-07-27,
SR0787,P015,your_clinic,6,2026-07-28,
SR0788,P015,your_clinic,10,2026-07-29,
SR0789,P015,your_clinic,5,2026-07-30,
SR0790,P015,your_clinic,4,2026-07-31,
SR0791,P015,your_clinic,3,2026-08-01,
SR0792,P015,your_clinic,6,2026-08-02,
SR0793,P015,your_clinic,3,2026-08-03,
SR0794,P015,your_clinic,4,2026-08-04,
SR0795,P015,your_clinic,4,2026-08-05,
SR0796,P015,your_clinic,5,2026-08-06,
SR0797,P015,your_clinic,7,2026-08-07,
SR0798,P015,your_clinic,3,2026-08-08,
SR0799,P015,your_clinic,5,2026-08-09,
SR0800,P015,your_clinic,5,2026-08-10,
SR0801,P015,your_clinic,4,2026-08-11,
SR0802,P015,your_clinic,7,2026-08-12,
SR0803,P015,your_clinic,9,2026-08-13,
SR0804,P015,your_clinic,8,2026-08-14,
SR0805,P015,your_clinic,7,2026-08-15,
SR0806,P015,your_clinic,8,2026-08-16,
SR0807,P015,your_clinic,7,2026-08-17,
SR0808,P015,your_clinic,5,2026-08-18,
SR0809,P015,your_clinic,10,2026-08-19,
SR0810,P015,your_clinic,5,2026-08-20,
SR0811,P015,your_clinic,4,2026-08-21,
SR0812,P015,your_clinic,5,2026-08-22,
SR0813,P015,your_clinic,4,2026-08-23,
SR0814,P015,your_clinic,10,2026-08-24,
SR0815,P015,your_clinic,5,2026-08-25,
SR0816,P015,your_clinic,3,2026-08-26,
SR0817,P015,your_clinic,5,2026-08-27,
SR0818,P015,your_clinic,5,2026-08-28,
SR0819,P015,your_clinic,10,2026-08-29,
SR0820,P015,your_clinic,4,2026-08-30,
SR0821,P015,your_clinic,8,2026-08-31,
SR0822,P015,your_clinic,10,2026-09-01,
SR0823,P015,your_clinic,8,2026-09-02,
SR0824,P015,your_clinic,9,2026-09-03,
SR0825,P015,your_clinic,5,2026-09-04,
SR0826,P015,your_clinic,8,2026-09-05,
SR0827,P016,your_clinic,6,2026-07-12,
SR0828,P016,your_clinic,7,2026-07-13,
SR0829,P016,your_clinic,8,2026-07-14,
SR0830,P016,your_clinic,4,2026-07-15,
SR0831,P016,your_clinic,6,2026-07-16,
SR0832,P016,your_clinic,9,2026-07-17,
SR0833,P016,your_clinic,6,2026-07-18,
SR0834,P016,your_clinic,8,2026-07-19,
SR0835,P016,your_clinic,1,2026-07-20,
SR0836,P016,your_clinic,8,2026-07-21,
SR0837,P016,your_clinic,4,2026-07-22,
SR0838,P016,your_clinic,9,2026-07-23,
SR0839,P016,your_clinic,9,2026-07-24,
SR0840,P016,your_clinic,3,2026-07-25,
SR0841,P016,your_clinic,5,2026-07-26,
SR0842,P016,your_clinic,8,2026-07-27,
SR0843,P016,your_clinic,3,2026-07-28,
SR0844,P016,your_clinic,2,2026-07-29,
SR0845,P016,your_clinic,8,2026-07-30,
SR0846,P016,your_clinic,12,2026-07-31,
SR0847,P016,your_clinic,2,2026-08-01,
SR0848,P016,your_clinic,3,2026-08-02,
SR0849,P016,your_clinic,4,2026-08-03,
SR0850,P016,your_clinic,8,2026-08-04,
SR0851,P016,your_clinic,5,2026-08-05,
SR0852,P016,your_clinic,6,2026-08-06,
SR0853,P016,your_clinic,8,2026-08-07,
SR0854,P016,your_clinic,11,2026-08-08,
SR0855,P016,your_clinic,8,2026-08-09,
SR0856,P016,your_clinic,5,2026-08-10,
SR0857,P016,your_clinic,7,2026-08-11,
SR0858,P016,your_clinic,8,2026-08-12,
SR0859,P016,your_clinic,10,2026-08-13,
SR0860,P016,your_clinic,8,2026-08-14,
SR0861,P016,your_clinic,9,2026-08-15,
SR0862,P016,your_clinic,5,2026-08-16,
SR0863,P016,your_clinic,5,2026-08-17,
SR0864,P016,your_clinic,4,2026-08-18,
SR0865,P016,your_clinic,10,2026-08-19,
SR0866,P016,your_clinic,11,2026-08-20,
SR0867,P016,your_clinic,14,2026-08-21,
SR0868,P016,your_clinic,14,2026-08-22,
SR0869,P016,your_clinic,12,2026-08-23,
SR0870,P016,your_clinic,8,2026-08-24,
SR0871,P016,your_clinic,13,2026-08-25,
SR0872,P016,your_clinic,10,2026-08-26,
SR0873,P016,your_clinic,14,2026-08-27,
SR0874,P016,your_clinic,7,2026-08-28,
SR0875,P016,your_clinic,11,2026-08-29,
SR0876,P016,your_clinic,7,2026-08-30,
SR0877,P016,your_clinic,3,2026-08-31,
SR0878,P016,your_clinic,11,2026-09-01,
SR0879,P016,your_clinic,12,2026-09-02,
SR0880,P016,your_clinic,18,2026-09-03,
SR0881,P016,your_clinic,17,2026-09-04,
SR0882,P016,your_clinic,8,2026-09-05,
SR0883,P017,your_clinic,3,2026-07-12,
SR0884,P017,your_clinic,5,2026-07-13,
SR0885,P017,your_clinic,2,2026-07-14,
SR0886,P017,your_clinic,2,2026-07-15,
SR0887,P017,your_clinic,3,2026-07-16,
SR0888,P017,your_clinic,5,2026-07-17,
SR0889,P017,your_clinic,4,2026-07-18,
SR0890,P017,your_clinic,6,2026-07-19,
SR0891,P017,your_clinic,2,2026-07-20,
SR0892,P017,your_clinic,2,2026-07-21,
SR0893,P017,your_clinic,3,2026-07-22,
SR0894,P017,your_clinic,6,2026-07-23,
SR0895,P017,your_clinic,5,2026-07-24,
SR0896,P017,your_clinic,4,2026-07-25,
SR0897,P017,your_clinic,2,2026-07-26,
SR0898,P017,your_clinic,5,2026-07-27,
SR0899,P017,your_clinic,6,2026-07-28,
SR0900,P017,your_clinic,5,2026-07-29,
SR0901,P017,your_clinic,2,2026-07-30,
SR0902,P017,your_clinic,1,2026-07-31,
SR0903,P017,your_clinic,1,2026-08-01,
SR0904,P017,your_clinic,2,2026-08-02,
SR0905,P017,your_clinic,2,2026-08-03,
SR0906,P017,your_clinic,3,2026-08-04,
SR0907,P017,your_clinic,3,2026-08-05,
SR0908,P017,your_clinic,3,2026-08-06,
SR0909,P017,your_clinic,3,2026-08-07,
SR0910,P017,your_clinic,2,2026-08-08,
SR0911,P017,your_clinic,4,2026-08-09,
SR0912,P017,your_clinic,2,2026-08-10,
SR0913,P017,your_clinic,1,2026-08-11,
SR0914,P017,your_clinic,4,2026-08-12,
SR0915,P017,your_clinic,2,2026-08-13,
SR0916,P017,your_clinic,5,2026-08-14,
SR0917,P017,your_clinic,2,2026-08-16,
SR0918,P017,your_clinic,3,2026-08-17,
SR0919,P017,your_clinic,1,2026-08-18,
SR0920,P017,your_clinic,1,2026-08-19,
SR0921,P017,your_clinic,2,2026-08-20,
SR0922,P017,your_clinic,2,2026-08-21,
SR0923,P017,your_clinic,3,2026-08-22,
SR0924,P017,your_clinic,1,2026-08-23,
SR0925,P017,your_clinic,1,2026-08-24,
SR0926,P017,your_clinic,3,2026-08-25,
SR0927,P017,your_clinic,1,2026-08-26,
SR0928,P017,your_clinic,1,2026-08-27,
SR0929,P017,your_clinic,4,2026-08-28,
SR0930,P017,your_clinic,1,2026-08-29,
SR0931,P017,your_clinic,1,2026-08-30,
SR0932,P017,your_clinic,1,2026-08-31,
SR0933,P017,your_clinic,1,2026-09-01,
SR0934,P017,your_clinic,1,2026-09-02,
SR0935,P017,your_clinic,1,2026-09-03,
SR0936,P017,your_clinic,4,2026-09-04,
SR0937,P017,your_clinic,1,2026-09-05,
SR0938,P018,your_clinic,4,2026-07-12,
SR0939,P018,your_clinic,7,2026-07-13,
SR0940,P018,your_clinic,6,2026-07-14,
SR0941,P018,your_clinic,5,2026-07-15,
SR0942,P018,your_clinic,4,2026-07-16,
SR0943,P018,your_clinic,6,2026-07-17,
SR0944,P018,your_clinic,4,2026-07-18,
SR0945,P018,your_clinic,3,2026-07-20,
SR0946,P018,your_clinic,2,2026-07-21,
SR0947,P018,your_clinic,4,2026-07-22,
SR0948,P018,your_clinic,4,2026-07-23,
SR0949,P018,your_clinic,1,2026-07-24,
SR0950,P018,your_clinic,4,2026-07-25,
SR0951,P018,your_clinic,4,2026-07-26,
SR0952,P018,your_clinic,7,2026-07-27,
SR0953,P018,your_clinic,4,2026-07-28,
SR0954,P018,your_clinic,7,2026-07-29,
SR0955,P018,your_clinic,3,2026-07-30,
SR0956,P018,your_clinic,1,2026-07-31,
SR0957,P018,your_clinic,5,2026-08-01,
SR0958,P018,your_clinic,8,2026-08-02,
SR0959,P018,your_clinic,6,2026-08-03,
SR0960,P018,your_clinic,2,2026-08-04,
SR0961,P018,your_clinic,1,2026-08-05,
SR0962,P018,your_clinic,2,2026-08-06,
SR0963,P018,your_clinic,2,2026-08-07,
SR0964,P018,your_clinic,4,2026-08-08,
SR0965,P018,your_clinic,2,2026-08-09,
SR0966,P018,your_clinic,1,2026-08-10,
SR0967,P018,your_clinic,4,2026-08-11,
SR0968,P018,your_clinic,3,2026-08-12,
SR0969,P018,your_clinic,3,2026-08-13,
SR0970,P018,your_clinic,7,2026-08-14,
SR0971,P018,your_clinic,3,2026-08-15,
SR0972,P018,your_clinic,4,2026-08-16,
SR0973,P018,your_clinic,4,2026-08-17,
SR0974,P018,your_clinic,2,2026-08-18,
SR0975,P018,your_clinic,2,2026-08-19,
SR0976,P018,your_clinic,4,2026-08-20,
SR0977,P018,your_clinic,7,2026-08-21,
SR0978,P018,your_clinic,3,2026-08-22,
SR0979,P018,your_clinic,6,2026-08-23,
SR0980,P018,your_clinic,4,2026-08-24,
SR0981,P018,your_clinic,4,2026-08-25,
SR0982,P018,your_clinic,4,2026-08-26,
SR0983,P018,your_clinic,5,2026-08-27,
SR0984,P018,your_clinic,4,2026-08-28,
SR0985,P018,your_clinic,2,2026-08-29,
SR0986,P018,your_clinic,3,2026-08-30,
SR0987,P018,your_clinic,5,2026-08-31,
SR0988,P018,your_clinic,6,2026-09-01,
SR0989,P018,your_clinic,3,2026-09-02,
SR0990,P018,your_clinic,3,2026-09-03,
SR0991,P018,your_clinic,3,2026-09-04,
SR0992,P018,your_clinic,3,2026-09-05,
SR0993,P019,your_clinic,9,2026-07-12,
SR0994,P019,your_clinic,11,2026-07-13,
SR0995,P019,your_clinic,9,2026-07-14,
SR0996,P019,your_clinic,6,2026-07-15,
SR0997,P019,your_clinic,15,2026-07-16,
SR0998,P019,your_clinic,13,2026-07-17,
SR0999,P019,your_clinic,11,2026-07-18,
SR1000,P019,your_clinic,13,2026-07-19,
SR1001,P019,your_clinic,10,2026-07-20,
SR1002,P019,your_clinic,12,2026-07-21,
SR1003,P019,your_clinic,13,2026-07-22,
SR1004,P019,your_clinic,7,2026-07-23,
SR1005,P019,your_clinic,11,2026-07-24,
SR1006,P019,your_clinic,6,2026-07-25,
SR1007,P019,your_clinic,12,2026-07-26,
SR1008,P019,your_clinic,6,2026-07-27,
SR1009,P019,your_clinic,9,2026-07-28,
SR1010,P019,your_clinic,9,2026-07-29,
SR1011,P019,your_clinic,18,2026-07-30,
SR1012,P019,your_clinic,9,2026-07-31,
SR1013,P019,your_clinic,9,2026-08-01,
SR1014,P019,your_clinic,17,2026-08-02,
SR1015,P019,your_clinic,13,2026-08-03,
SR1016,P019,your_clinic,22,2026-08-04,
SR1017,P019,your_clinic,15,2026-08-05,
SR1018,P019,your_clinic,13,2026-08-06,
SR1019,P019,your_clinic,17,2026-08-07,
SR1020,P019,your_clinic,11,2026-08-08,
SR1021,P019,your_clinic,10,2026-08-09,
SR1022,P019,your_clinic,17,2026-08-10,
SR1023,P019,your_clinic,9,2026-08-11,
SR1024,P019,your_clinic,10,2026-08-12,
SR1025,P019,your_clinic,10,2026-08-13,
SR1026,P019,your_clinic,13,2026-08-14,
SR1027,P019,your_clinic,9,2026-08-15,
SR1028,P019,your_clinic,7,2026-08-16,
SR1029,P019,your_clinic,11,2026-08-17,
SR1030,P019,your_clinic,15,2026-08-18,
SR1031,P019,your_clinic,10,2026-08-19,
SR1032,P019,your_clinic,16,2026-08-20,
SR1033,P019,your_clinic,12,2026-08-21,
SR1034,P019,your_clinic,10,2026-08-22,
SR1035,P019,your_clinic,12,2026-08-23,
SR1036,P019,your_clinic,14,2026-08-24,
SR1037,P019,your_clinic,8,2026-08-25,
SR1038,P019,your_clinic,8,2026-08-26,
SR1039,P019,your_clinic,12,2026-08-27,
SR1040,P019,your_clinic,12,2026-08-28,
SR1041,P019,your_clinic,9,2026-08-29,
SR1042,P019,your_clinic,12,2026-08-30,
SR1043,P019,your_clinic,12,2026-08-31,
SR1044,P019,your_clinic,14,2026-09-01,
SR1045,P019,your_clinic,8,2026-09-02,
SR1046,P019,your_clinic,7,2026-09-03,
SR1047,P019,your_clinic,8,2026-09-04,
SR1048,P019,your_clinic,15,2026-09-05,
SR1049,P020,your_clinic,6,2026-07-12,
SR1050,P020,your_clinic,3,2026-07-13,
SR1051,P020,your_clinic,4,2026-07-14,
SR1052,P020,your_clinic,5,2026-07-15,
SR1053,P020,your_clinic,4,2026-07-16,
SR1054,P020,your_clinic,7,2026-07-17,
SR1055,P020,your_clinic,5,2026-07-18,
SR1056,P020,your_clinic,6,2026-07-19,
SR1057,P020,your_clinic,5,2026-07-20,
SR1058,P020,your_clinic,2,2026-07-21,
SR1059,P020,your_clinic,4,2026-07-22,
SR1060,P020,your_clinic,4,2026-07-23,
SR1061,P020,your_clinic,6,2026-07-24,
SR1062,P020,your_clinic,11,2026-07-25,
SR1063,P020,your_clinic,6,2026-07-26,
SR1064,P020,your_clinic,8,2026-07-27,
SR1065,P020,your_clinic,4,2026-07-28,
SR1066,P020,your_clinic,2,2026-07-29,
SR1067,P020,your_clinic,4,2026-07-30,
SR1068,P020,your_clinic,4,2026-07-31,
SR1069,P020,your_clinic,6,2026-08-01,
SR1070,P020,your_clinic,7,2026-08-02,
SR1071,P020,your_clinic,2,2026-08-03,
SR1072,P020,your_clinic,5,2026-08-04,
SR1073,P020,your_clinic,5,2026-08-05,
SR1074,P020,your_clinic,1,2026-08-06,
SR1075,P020,your_clinic,8,2026-08-07,
SR1076,P020,your_clinic,5,2026-08-08,
SR1077,P020,your_clinic,9,2026-08-09,
SR1078,P020,your_clinic,1,2026-08-10,
SR1079,P020,your_clinic,5,2026-08-11,
SR1080,P020,your_clinic,6,2026-08-12,
SR1081,P020,your_clinic,1,2026-08-13,
SR1082,P020,your_clinic,3,2026-08-14,
SR1083,P020,your_clinic,7,2026-08-15,
SR1084,P020,your_clinic,6,2026-08-16,
SR1085,P020,your_clinic,6,2026-08-17,
SR1086,P020,your_clinic,8,2026-08-18,
SR1087,P020,your_clinic,7,2026-08-19,
SR1088,P020,your_clinic,2,2026-08-20,
SR1089,P020,your_clinic,4,2026-08-21,
SR1090,P020,your_clinic,5,2026-08-22,
SR1091,P020,your_clinic,6,2026-08-23,
SR1092,P020,your_clinic,7,2026-08-24,
SR1093,P020,your_clinic,6,2026-08-25,
SR1094,P020,your_clinic,3,2026-08-26,
SR1095,P020,your_clinic,3,2026-08-27,
SR1096,P020,your_clinic,1,2026-08-28,
SR1097,P020,your_clinic,5,2026-08-29,
SR1098,P020,your_clinic,3,2026-08-30,
SR1099,P020,your_clinic,9,2026-08-31,
SR1100,P020,your_clinic,8,2026-09-01,
SR1101,P020,your_clinic,4,2026-09-02,
SR1102,P020,your_clinic,2,2026-09-03,
SR1103,P020,your_clinic,1,2026-09-04,
SR1104,P020,your_clinic,3,2026-09-05,
SR1105,P021,your_clinic,7,2026-07-12,
SR1106,P021,your_clinic,8,2026-07-13,
SR1107,P021,your_clinic,10,2026-07-14,
SR1108,P021,your_clinic,7,2026-07-15,
SR1109,P021,your_clinic,10,2026-07-16,
SR1110,P021,your_clinic,8,2026-07-17,
SR1111,P021,your_clinic,16,2026-07-18,
SR1112,P021,your_clinic,8,2026-07-19,
SR1113,P021,your_clinic,8,2026-07-20,
SR1114,P021,your_clinic,6,2026-07-21,
SR1115,P021,your_clinic,10,2026-07-22,
SR1116,P021,your_clinic,7,2026-07-23,
SR1117,P021,your_clinic,9,2026-07-24,
SR1118,P021,your_clinic,11,2026-07-25,
SR1119,P021,your_clinic,12,2026-07-26,
SR1120,P021,your_clinic,12,2026-07-27,
SR1121,P021,your_clinic,6,2026-07-28,
SR1122,P021,your_clinic,14,2026-07-29,
SR1123,P021,your_clinic,9,2026-07-30,
SR1124,P021,your_clinic,9,2026-07-31,
SR1125,P021,your_clinic,14,2026-08-01,
SR1126,P021,your_clinic,6,2026-08-02,
SR1127,P021,your_clinic,7,2026-08-03,
SR1128,P021,your_clinic,15,2026-08-04,
SR1129,P021,your_clinic,11,2026-08-05,
SR1130,P021,your_clinic,8,2026-08-06,
SR1131,P021,your_clinic,12,2026-08-07,
SR1132,P021,your_clinic,20,2026-08-08,
SR1133,P021,your_clinic,13,2026-08-09,
SR1134,P021,your_clinic,6,2026-08-10,
SR1135,P021,your_clinic,16,2026-08-11,
SR1136,P021,your_clinic,18,2026-08-12,
SR1137,P021,your_clinic,11,2026-08-13,
SR1138,P021,your_clinic,12,2026-08-14,
SR1139,P021,your_clinic,14,2026-08-15,
SR1140,P021,your_clinic,9,2026-08-16,
SR1141,P021,your_clinic,16,2026-08-17,
SR1142,P021,your_clinic,19,2026-08-18,
SR1143,P021,your_clinic,15,2026-08-19,
SR1144,P021,your_clinic,10,2026-08-20,
SR1145,P021,your_clinic,13,2026-08-21,
SR1146,P021,your_clinic,11,2026-08-22,
SR1147,P021,your_clinic,27,2026-08-23,
SR1148,P021,your_clinic,19,2026-08-24,
SR1149,P021,your_clinic,13,2026-08-25,
SR1150,P021,your_clinic,11,2026-08-26,
SR1151,P021,your_clinic,18,2026-08-27,
SR1152,P021,your_clinic,24,2026-08-28,
SR1153,P021,your_clinic,11,2026-08-29,
SR1154,P021,your_clinic,21,2026-08-30,
SR1155,P021,your_clinic,15,2026-08-31,
SR1156,P021,your_clinic,19,2026-09-01,
SR1157,P021,your_clinic,26,2026-09-02,
SR1158,P021,your_clinic,15,2026-09-03,
SR1159,P021,your_clinic,12,2026-09-04,
SR1160,P021,your_clinic,16,2026-09-05,
SR1161,P022,your_clinic,3,2026-07-12,
SR1162,P022,your_clinic,4,2026-07-13,
SR1163,P022,your_clinic,7,2026-07-14,
SR1164,P022,your_clinic,8,2026-07-15,
SR1165,P022,your_clinic,7,2026-07-16,
SR1166,P022,your_clinic,3,2026-07-17,
SR1167,P022,your_clinic,6,2026-07-18,
SR1168,P022,your_clinic,6,2026-07-19,
SR1169,P022,your_clinic,4,2026-07-20,
SR1170,P022,your_clinic,6,2026-07-21,
SR1171,P022,your_clinic,7,2026-07-22,
SR1172,P022,your_clinic,5,2026-07-23,
SR1173,P022,your_clinic,5,2026-07-24,
SR1174,P022,your_clinic,6,2026-07-25,
SR1175,P022,your_clinic,6,2026-07-26,
SR1176,P022,your_clinic,5,2026-07-27,
SR1177,P022,your_clinic,4,2026-07-28,
SR1178,P022,your_clinic,4,2026-07-29,
SR1179,P022,your_clinic,2,2026-07-30,
SR1180,P022,your_clinic,3,2026-07-31,
SR1181,P022,your_clinic,3,2026-08-01,
SR1182,P022,your_clinic,4,2026-08-02,
SR1183,P022,your_clinic,4,2026-08-03,
SR1184,P022,your_clinic,1,2026-08-04,
SR1185,P022,your_clinic,7,2026-08-05,
SR1186,P022,your_clinic,3,2026-08-06,
SR1187,P022,your_clinic,2,2026-08-07,
SR1188,P022,your_clinic,6,2026-08-08,
SR1189,P022,your_clinic,6,2026-08-10,
SR1190,P022,your_clinic,3,2026-08-11,
SR1191,P022,your_clinic,3,2026-08-12,
SR1192,P022,your_clinic,5,2026-08-13,
SR1193,P022,your_clinic,5,2026-08-14,
SR1194,P022,your_clinic,1,2026-08-15,
SR1195,P022,your_clinic,3,2026-08-16,
SR1196,P022,your_clinic,1,2026-08-17,
SR1197,P022,your_clinic,3,2026-08-18,
SR1198,P022,your_clinic,4,2026-08-19,
SR1199,P022,your_clinic,2,2026-08-20,
SR1200,P022,your_clinic,2,2026-08-21,
SR1201,P022,your_clinic,4,2026-08-22,
SR1202,P022,your_clinic,6,2026-08-23,
SR1203,P022,your_clinic,1,2026-08-24,
SR1204,P022,your_clinic,1,2026-08-25,
SR1205,P022,your_clinic,1,2026-08-26,
SR1206,P022,your_clinic,4,2026-08-27,
SR1207,P022,your_clinic,4,2026-08-28,
SR1208,P022,your_clinic,2,2026-08-29,
SR1209,P022,your_clinic,1,2026-08-30,
SR1210,P022,your_clinic,1,2026-08-31,
SR1211,P022,your_clinic,3,2026-09-01,
SR1212,P022,your_clinic,1,2026-09-03,
SR1213,P022,your_clinic,6,2026-09-04,
SR1214,P022,your_clinic,2,2026-09-05,
SR1215,P023,your_clinic,4,2026-07-12,
SR1216,P023,your_clinic,8,2026-07-13,
SR1217,P023,your_clinic,4,2026-07-14,
SR1218,P023,your_clinic,5,2026-07-15,
SR1219,P023,your_clinic,9,2026-07-16,
SR1220,P023,your_clinic,7,2026-07-17,
SR1221,P023,your_clinic,4,2026-07-18,
SR1222,P023,your_clinic,7,2026-07-19,
SR1223,P023,your_clinic,9,2026-07-20,
SR1224,P023,your_clinic,5,2026-07-21,
SR1225,P023,your_clinic,5,2026-07-22,
SR1226,P023,your_clinic,5,2026-07-23,
SR1227,P023,your_clinic,8,2026-07-24,
SR1228,P023,your_clinic,6,2026-07-25,
SR1229,P023,your_clinic,8,2026-07-26,
SR1230,P023,your_clinic,8,2026-07-27,
SR1231,P023,your_clinic,8,2026-07-28,
SR1232,P023,your_clinic,7,2026-07-29,
SR1233,P023,your_clinic,6,2026-07-30,
SR1234,P023,your_clinic,10,2026-07-31,
SR1235,P023,your_clinic,10,2026-08-01,
SR1236,P023,your_clinic,10,2026-08-02,
SR1237,P023,your_clinic,5,2026-08-03,
SR1238,P023,your_clinic,9,2026-08-04,
SR1239,P023,your_clinic,4,2026-08-05,
SR1240,P023,your_clinic,10,2026-08-06,
SR1241,P023,your_clinic,5,2026-08-07,
SR1242,P023,your_clinic,11,2026-08-08,
SR1243,P023,your_clinic,11,2026-08-09,
SR1244,P023,your_clinic,5,2026-08-10,
SR1245,P023,your_clinic,5,2026-08-11,
SR1246,P023,your_clinic,9,2026-08-12,
SR1247,P023,your_clinic,8,2026-08-13,
SR1248,P023,your_clinic,6,2026-08-14,
SR1249,P023,your_clinic,1,2026-08-15,
SR1250,P023,your_clinic,7,2026-08-16,
SR1251,P023,your_clinic,9,2026-08-17,
SR1252,P023,your_clinic,6,2026-08-18,
SR1253,P023,your_clinic,12,2026-08-19,
SR1254,P023,your_clinic,6,2026-08-20,
SR1255,P023,your_clinic,7,2026-08-21,
SR1256,P023,your_clinic,3,2026-08-22,
SR1257,P023,your_clinic,11,2026-08-23,
SR1258,P023,your_clinic,6,2026-08-24,
SR1259,P023,your_clinic,9,2026-08-25,
SR1260,P023,your_clinic,4,2026-08-26,
SR1261,P023,your_clinic,7,2026-08-27,
SR1262,P023,your_clinic,8,2026-08-28,
SR1263,P023,your_clinic,7,2026-08-29,
SR1264,P023,your_clinic,7,2026-08-30,
SR1265,P023,your_clinic,8,2026-08-31,
SR1266,P023,your_clinic,8,2026-09-01,
SR1267,P023,your_clinic,4,2026-09-02,
SR1268,P023,your_clinic,6,2026-09-03,
SR1269,P023,your_clinic,5,2026-09-04,
SR1270,P023,your_clinic,6,2026-09-05,
SR1271,P024,your_clinic,8,2026-07-12,
SR1272,P024,your_clinic,10,2026-07-13,
SR1273,P024,your_clinic,8,2026-07-14,
SR1274,P024,your_clinic,11,2026-07-15,
SR1275,P024,your_clinic,8,2026-07-16,
SR1276,P024,your_clinic,12,2026-07-17,
SR1277,P024,your_clinic,6,2026-07-18,
SR1278,P024,your_clinic,11,2026-07-19,
SR1279,P024,your_clinic,2,2026-07-20,
SR1280,P024,your_clinic,8,2026-07-21,
SR1281,P024,your_clinic,12,2026-07-22,
SR1282,P024,your_clinic,12,2026-07-23,
SR1283,P024,your_clinic,10,2026-07-24,
SR1284,P024,your_clinic,11,2026-07-25,
SR1285,P024,your_clinic,7,2026-07-26,
SR1286,P024,your_clinic,10,2026-07-27,
SR1287,P024,your_clinic,8,2026-07-28,
SR1288,P024,your_clinic,5,2026-07-29,
SR1289,P024,your_clinic,6,2026-07-30,
SR1290,P024,your_clinic,13,2026-07-31,
SR1291,P024,your_clinic,10,2026-08-01,
SR1292,P024,your_clinic,12,2026-08-02,
SR1293,P024,your_clinic,12,2026-08-03,
SR1294,P024,your_clinic,11,2026-08-04,
SR1295,P024,your_clinic,12,2026-08-05,
SR1296,P024,your_clinic,12,2026-08-06,
SR1297,P024,your_clinic,10,2026-08-07,
SR1298,P024,your_clinic,13,2026-08-08,
SR1299,P024,your_clinic,8,2026-08-09,
SR1300,P024,your_clinic,11,2026-08-10,
SR1301,P024,your_clinic,11,2026-08-11,
SR1302,P024,your_clinic,6,2026-08-12,
SR1303,P024,your_clinic,3,2026-08-13,
SR1304,P024,your_clinic,8,2026-08-14,
SR1305,P024,your_clinic,7,2026-08-15,
SR1306,P024,your_clinic,9,2026-08-16,
SR1307,P024,your_clinic,9,2026-08-17,
SR1308,P024,your_clinic,9,2026-08-18,
SR1309,P024,your_clinic,8,2026-08-19,
SR1310,P024,your_clinic,8,2026-08-20,
SR1311,P024,your_clinic,11,2026-08-21,
SR1312,P024,your_clinic,10,2026-08-22,
SR1313,P024,your_clinic,14,2026-08-23,
SR1314,P024,your_clinic,8,2026-08-24,
SR1315,P024,your_clinic,8,2026-08-25,
SR1316,P024,your_clinic,8,2026-08-26,
SR1317,P024,your_clinic,9,2026-08-27,
SR1318,P024,your_clinic,11,2026-08-28,
SR1319,P024,your_clinic,8,2026-08-29,
SR1320,P024,your_clinic,7,2026-08-30,
SR1321,P024,your_clinic,7,2026-08-31,
SR1322,P024,your_clinic,11,2026-09-01,
SR1323,P024,your_clinic,13,2026-09-02,
SR1324,P024,your_clinic,8,2026-09-03,
SR1325,P024,your_clinic,12,2026-09-04,
SR1326,P024,your_clinic,8,2026-09-05,
SR1327,P025,your_clinic,2,2026-07-12,
SR1328,P025,your_clinic,8,2026-07-13,
SR1329,P025,your_clinic,4,2026-07-14,
SR1330,P025,your_clinic,3,2026-07-15,
SR1331,P025,your_clinic,7,2026-07-16,
SR1332,P025,your_clinic,1,2026-07-17,
SR1333,P025,your_clinic,6,2026-07-18,
SR1334,P025,your_clinic,2,2026-07-19,
SR1335,P025,your_clinic,3,2026-07-20,
SR1336,P025,your_clinic,7,2026-07-21,
SR1337,P025,your_clinic,4,2026-07-22,
SR1338,P025,your_clinic,6,2026-07-23,
SR1339,P025,your_clinic,3,2026-07-24,
SR1340,P025,your_clinic,4,2026-07-25,
SR1341,P025,your_clinic,6,2026-07-26,
SR1342,P025,your_clinic,4,2026-07-28,
SR1343,P025,your_clinic,2,2026-07-29,
SR1344,P025,your_clinic,5,2026-07-30,
SR1345,P025,your_clinic,6,2026-08-01,
SR1346,P025,your_clinic,4,2026-08-02,
SR1347,P025,your_clinic,4,2026-08-03,
SR1348,P025,your_clinic,7,2026-08-04,
SR1349,P025,your_clinic,9,2026-08-05,
SR1350,P025,your_clinic,3,2026-08-06,
SR1351,P025,your_clinic,2,2026-08-07,
SR1352,P025,your_clinic,4,2026-08-08,
SR1353,P025,your_clinic,4,2026-08-09,
SR1354,P025,your_clinic,1,2026-08-10,
SR1355,P025,your_clinic,6,2026-08-11,
SR1356,P025,your_clinic,3,2026-08-12,
SR1357,P025,your_clinic,6,2026-08-13,
SR1358,P025,your_clinic,8,2026-08-14,
SR1359,P025,your_clinic,4,2026-08-15,
SR1360,P025,your_clinic,4,2026-08-16,
SR1361,P025,your_clinic,3,2026-08-17,
SR1362,P025,your_clinic,6,2026-08-18,
SR1363,P025,your_clinic,4,2026-08-19,
SR1364,P025,your_clinic,2,2026-08-20,
SR1365,P025,your_clinic,3,2026-08-21,
SR1366,P025,your_clinic,2,2026-08-22,
SR1367,P025,your_clinic,7,2026-08-23,
SR1368,P025,your_clinic,3,2026-08-24,
SR1369,P025,your_clinic,5,2026-08-25,
SR1370,P025,your_clinic,4,2026-08-26,
SR1371,P025,your_clinic,3,2026-08-27,
SR1372,P025,your_clinic,4,2026-08-28,
SR1373,P025,your_clinic,5,2026-08-29,
SR1374,P025,your_clinic,6,2026-08-30,
SR1375,P025,your_clinic,4,2026-08-31,
SR1376,P025,your_clinic,3,2026-09-01,
SR1377,P025,your_clinic,5,2026-09-02,
SR1378,P025,your_clinic,1,2026-09-03,
SR1379,P025,your_clinic,4,2026-09-04,
SR1380,P025,your_clinic,1,2026-09-05,
